"english","specific1_darija","specific2_darija","general_darija","darija_ar"
"kit_fox","","ta3leb","t3leb","تعلب "
"English_setter","","","kelb","كلب "
"Siberian_husky","husky dial siberia","","kelb","كلب "
"Australian_terrier","","","kelb","كلب "
"English_springer","","","kelb","كلب "
"grey_whale","","","baleine","بالين "
"lesser_panda","","","panda","پاندا "
"Egyptian_cat","","mech","mch","مش "
"ibex","","","jdi","جدي "
"Persian_cat","","mech","mch","مش "
"cougar","fahd","","fahd","فهد"
"gazelle","ghzala","","ghzala","غزالة"
"porcupine","","","guenfoud","ڭنفود"
"sea_lion","fo9ma","","fo9ma","فقمة"
"malamute","","","kelb","كلب "
"badger","lghorrayr","","sinjab","سنجاب "
"Great_Dane","","","kelb","كلب "
"Walker_hound","","","kelb","كلب "
"Welsh_springer_spaniel","","","kelb","كلب "
"whippet","","","kelb","كلب "
"Scottish_deerhound","","","kelb","كلب "
"killer_whale","orca","","baleine","بالين "
"mink","nems","","nems","نمس "
"African_elephant","fil ifri9i","","fil","فيل "
"Weimaraner","","","kelb","كلب "
"soft-coated_wheaten_terrier","","","kelb","كلب "
"Dandie_Dinmont","","","kelb","كلب "
"red_wolf","dib 7mer","","dib","ديب "
"Old_English_sheepdog","","","kelb","كلب "
"jaguar","jaguar","","jaguar","جاڭوار "
"otterhound","","","kelb","كلب "
"bloodhound","","","kelb","كلب "
"Airedale","","","kelb","كلب "
"hyena","dbe3","dba3","Dbe3","ضبع"
"meerkat","","","nems","نمس "
"giant_schnauzer","","","kelb","كلب "
"titi","","","9erd","قرد "
"three-toed_sloth","lkaslan","lkeslan","","الكسلان"
"sorrel","","","lkhbiza","لخبيزة"
"black-footed_ferret","","","nems","نمس "
"dalmatian","","","kelb","كلب "
"black-and-tan_coonhound","","","kelb","كلب "
"papillon","","","kelb","كلب "
"skunk","dariban","","","داريبان "
"Staffordshire_bullterrier","","","kelb","كلب "
"Mexican_hairless","","","kelb","كلب "
"Bouvier_des_Flandres","","","kelb","كلب "
"weasel","","","nems","نمس "
"miniature_poodle","","","kelb","كلب "
"Cardigan","","","sofa","تريكو ت الصوفا"
"malinois","","","kelb","كلب "
"bighorn","","","7awli","حاولي "
"fox_squirrel","","","sinjab","سنجاب"
"colobus","","","sinjab","سنجاب"
"tiger_cat","leopard","","leopard","مش "
"Lhasa","","","kelb","كلب "
"impala","","","ghzala","غزالة"
"coyote","","","dib","ديب "
"Yorkshire_terrier","","","kelb","كلب "
"Newfoundland","","","kelb","كلب "
"brown_bear","doub 9otbi","","doub","دب"
"red_fox","te3leb 7mer","","te3leb","تعلب "
"Norwegian_elkhound","","","kelb","كلب "
"Rottweiler","","","kelb","كلب "
"hartebeest","","","ghzala","غزالة"
"Saluki","slougui","","kelb","كلب "
"grey_fox","te3leb rmadi","te3leb gris","te3leb","تعلب "
"schipperke","","","kelb","كلب "
"Pekinese","","","kelb","كلب "
"Brabancon_griffon","","","kelb","كلب "
"West_Highland_white_terrier","","","kelb","كلب "
"Sealyham_terrier","","","kelb","كلب "
"guenon","","","9erd","قرد "
"mongoose","","","nems","نمس "
"indri","","","indri","إندري "
"tiger","nmer","","nmer","نمر "
"Irish_wolfhound","","","kelb","كلب "
"wild_boar","7ellouf dial lghaba","","7ellouf","حلّوف "
"EntleBucher","","","kelb","كلب "
"zebra","7imar wa7chi","","7imar wa7chi","حمار وحشي "
"ram","","kebch","7awli","حاولي "
"French_bulldog","","","kelb","كلب "
"orangutan","","","9erd","قرد "
"basenji","","","kelb","كلب "
"leopard","","","fehd","فهد "
"Bernese_mountain_dog","","","kelb","كلب "
"Maltese_dog","","","kelb","كلب "
"Norfolk_terrier","","","kelb","كلب "
"toy_terrier","","","kelb","كلب "
"vizsla","","","kelb","كلب "
"cairn","","","kelb","كلب "
"squirrel_monkey","","","9erd","قرد "
"groenendael","","","kelb","كلب "
"clumber","","","kelb","كلب "
"Siamese_cat","siamois","mch","mech","مش "
"chimpanzee","chimpanzi","","9erd","قرد "
"komondor","","","kelb","كلب "
"Afghan_hound","","","kelb","كلب "
"Japanese_spaniel","","","kelb","كلب "
"proboscis_monkey","","","9erd","قرد "
"guinea_pig","","","hamster","هامستر "
"white_wolf","dib byed","","dib","ديب "
"ice_bear","doub 9otbi","","doub","دب"
"gorilla","ghourilla","ghorilla","9erd","قرد "
"borzoi","","","kelb","كلب "
"toy_poodle","","","kelb","كلب "
"Kerry_blue_terrier","","","kelb","كلب "
"ox","","","tour","تور "
"Scotch_terrier","","","kelb","كلب "
"Tibetan_mastiff","","","kelb","كلب "
"spider_monkey","","","9erd","قرد "
"Doberman","Doberman","","kelb","كلب "
"Boston_bull","","","kelb","كلب "
"Greater_Swiss_Mountain_dog","","","kelb","كلب "
"Appenzeller","","","kelb","كلب "
"Shih-Tzu","","","kelb","كلب "
"Irish_water_spaniel","","","kelb","كلب "
"Pomeranian","","","kelb","كلب "
"Bedlington_terrier","","","kelb","كلب "
"warthog","","","7ellouf","حلّوف "
"Arabian_camel","","","jmel","جمل "
"siamang","","","9erd","قرد "
"miniature_schnauzer","","","kelb","كلب "
"collie","","","kelb","كلب "
"golden_retriever","","","kelb","كلب "
"Irish_terrier","","","kelb","كلب "
"affenpinscher","","","kelb","كلب "
"Border_collie","","","kelb","كلب "
"hare","","9nia","arnab","أرنب"
"boxer","","","kelb","كلب "
"silky_terrier","","","kelb","كلب "
"beagle","","","kelb","كلب "
"Leonberg","","","kelb","كلب "
"German_short-haired_pointer","","","kelb","كلب "
"patas","","","9erd","قرد "
"dhole","","","kelb","كلب "
"baboon","","","9erd","قرد "
"macaque","","","9erd","قرد "
"Chesapeake_Bay_retriever","","","kelb","كلب "
"bull_mastiff","","","kelb","كلب "
"kuvasz","","","kelb","كلب "
"capuchin","","","9erd","قرد "
"pug","","","kelb","كلب "
"curly-coated_retriever","","","kelb","كلب "
"Norwich_terrier","","","kelb","كلب "
"flat-coated_retriever","","","kelb","كلب "
"hog","","","7ellouf","حلّوف "
"keeshond","","","kelb","كلب "
"Eskimo_dog","","","kelb","كلب "
"Brittany_spaniel","","","kelb","كلب "
"standard_poodle","","","kelb","كلب "
"Lakeland_terrier","","","kelb","كلب "
"snow_leopard","fehd dial telj","fahd","fehd","فهد "
"Gordon_setter","","","kelb","كلب "
"dingo","","","kelb","كلب "
"standard_schnauzer","","","kelb","كلب "
"hamster","hamster","","hamster","هامستر "
"Tibetan_terrier","","","kelb","كلب "
"Arctic_fox","te3leb dial telj","","te3leb","تعلب "
"wire-haired_fox_terrier","","","kelb","كلب "
"basset","","","kelb","كلب "
"water_buffalo","","jamous","gamous","ڭاموس "
"American_black_bear","doub k7el","dob k7el","doub","دوب "
"Angora","9niya","9nia","arnab","أرنب"
"bison","","jamous","gamous","ڭاموس "
"howler_monkey","","","9erd","قرد "
"hippopotamus","faras nnahr","faras annahr","","فرس النهر"
"chow","","","kelb","كلب "
"giant_panda","panda","","","پاندا "
"American_Staffordshire_terrier","","","kelb","كلب "
"Shetland_sheepdog","","","kelb","كلب "
"Great_Pyrenees","","","kelb","كلب "
"Chihuahua","chihuahua","chiwawa","kelb","كلب "
"tabby","","mch","mech","مش "
"marmoset","","","9erd","قرد "
"Labrador_retriever","","","kelb","كلب "
"Saint_Bernard","Saint Bernard","","kelb","كلب "
"armadillo**********","","","guefoud","ڭنفود ارماديلو"
"Samoyed","","","kelb","كلب "
"bluetick","","","kelb","كلب "
"redbone","","","kelb","كلب "
"polecat","","","sinjab","سنجاب"
"marmot","","","sinjab","سنجاب"
"kelpie","","","kelb","كلب "
"gibbon","","","9erd","قرد "
"llama","","","llama","اللاما "
"miniature_pinscher","","","kelb","كلب "
"wood_rabbit","","9nia","arnab","أرنب"
"Italian_greyhound","","","kelb","كلب "
"lion","sbe3","sb3","","سبع "
"cocker_spaniel","","","kelb","كلب "
"Irish_setter","","","kelb","كلب "
"dugong","","","fo9ma","فقمة"
"Indian_elephant","fil hindi","","fil","فيل "
"beaver","","","9ondous","قوندوس "
"Sussex_spaniel","","","kelb","كلب "
"Pembroke","","","kelb","كلب "
"Blenheim_spaniel","","","kelb","كلب "
"Madagascar_cat","","mch","mech","مش "
"Rhodesian_ridgeback","","","kelb","كلب "
"lynx","","","lynx","لانكس"
"African_hunting_dog","kelb dial SyaDa","","kelb","كلب "
"langur","","","9erd","قرد "
"Ibizan_hound","","","kelb","كلب "
"timber_wolf","","","dib","ديب "
"cheetah","","fahd","fehd","فهد "
"English_foxhound","","","kelb","كلب "
"briard","","","kelb","كلب "
"sloth_bear","","dob","doub","دب"
"Border_terrier","","","kelb","كلب "
"German_shepherd","berger allemand","","kelb","كلب "
"otter","","9ondos","9ondous","قوندوس "
"koala","koala","","koala","كوالا "
"tusker","","","fil","فيل "
"echidna","","9enfoud","guenfoud","ڭنفود"
"wallaby","","","kangaroo","كانڭارو "
"platypus*********","","","platypus","پلاتيپوس "
"wombat","","","sinjab","سنجاب"
"revolver","ferdi","kabous","","فردي "
"umbrella","mdella","mdel","","مضلة"
"schooner","","","bakhira","باخرة"
"soccer_ball","kora","","","كورة"
"accordion","accordeon","","","أكورديون"
"ant","nemla","nmla","","نملة"
"starfish","","nejma dial lma","njma dial lma","نجمة ديال لما"
"chambered_nautilus","","","bouzzroug","بوزّروڭ "
"grand_piano","piano kbir","","","پيانو كبير "
"laptop","pc portable","","","پيسي پورتابل"
"strawberry","friz","fraise","","فريز "
"airliner","","","tiyara","طيارة"
"warplane","","","tiyara","طيارة"
"airship","","","tiyara","طيارة"
"balloon","mintaD","","","منطاد"
"space_shuttle","saroukh","","","صاروخ"
"fireboat","bateau","baTo","","باتو "
"gondola","","","flouka","فلوكا "
"speedboat","","","zodiac","زودياك "
"lifeboat","","","flouka","فلوكا "
"canoe","","","flouka","فلوكا "
"yawl","","","bakhira","باخرة"
"catamaran","","","bakhira","باخرة"
"trimaran","","","bakhira","باخرة"
"container_ship","","","bakhira","باخرة"
"liner","","","bakhira","باخرة"
"pirate","9orSan","pirate","","قورصان "
"aircraft_carrier","7amilat Ta2irat","","","حاملات طائرات"
"submarine","ghawwaSa","","","غوّاصة"
"wreck","","","7oTam","حطام"
"half_track","","","Tengu","طنڭو "
"tank","","","Tengu","طنڭو "
"missile","saroukh","","","صاروخ"
"bobsled","","","bobsled","بوبسلد "
"dogsled","kerrouSa dial lklab","","","كرّوصا ديال لكلاب "
"bicycle-built-for-two","pikala dial jouj","bshkliT dial jouj","bisklit dial jouj","بيسكليت ديال جوج "
"mountain_bike","pikala dial jbel","bshkliT dial jouj","bisklit dial jbel","بيسكليت ديال جبل "
"freight_car","train dial sel3a","","","تران ديال سلعة"
"passenger_car","train dial lmosafirin","","","تران ديال المسافرين"
"barrow","berwita","","","برويتا "
"shopping_cart","chario","","","شاريو "
"motor_scooter","scouter","scooter","","سكوتر "
"forklift","rafi3a","","","رافيعا "
"electric_locomotive","9aTira dial DDo","","","قاطيرا ديال الضو "
"steam_locomotive","9aTira dial lbokhar","","","قاطيرا ديال لبوخار "
"amphibian","barma2i","","","برمائي"
"ambulance","labilance","labilans","","لابيلانس "
"beach_wagon","","chariot","chario","شاريو "
"cab","taxi","","","تاكسي"
"convertible","decapotable","","","دكاپوتابل "
"jeep","jeep","","","جيپ "
"limousine","limousine","limouzine","","ليموزين"
"minivan","minivan","mini van","","مينيڤان "
"Model_T","","tomobila 9dima","tomobil 9dima","توموبيل قديما "
"racer","","","tomobil dial siba9","توموبيل ديال سيباق "
"sports_car","tomobil dial siba9","tomobila dial siba9","","توموبيل ديال سيباق "
"go-kart","tomobil dial karting","tomobila dial karting","","توموبيل ديال كارتينڭ "
"golfcart","tomobil dial lgolf","tomobila dial lgolf","","توموبيل ديال لڭولف "
"moped","","","motor","موتور "
"snowplow","camio dial telj","","","كاميو ديال تلج "
"fire_engine","camio dial lbambia","","","كاميو ديال لبامبيا "
"garbage_truck","camio dial zbel","","","كاميو ديال زبل "
"pickup","pikop","pikob","pickup","پيكوپ"
"tow_truck","depannage","camio dial depannage","","دپانّاج"
"trailer_truck","rmouk","","","رموك "
"moving_van","camio dial r7il","","","كاميو ديال رحيل "
"police_van","laraf","","","لاراف "
"recreational_vehicle","caravane","","","كاراڤان "
"streetcar","Tram","","","طرام "
"snowmobile","motor dial telj","","","موتور ديال تلج "
"tractor","traktour","","","تراكتور "
"mobile_home","dar motana9illa","","","دار متنقلة"
"tricycle","pikala dial tlata trwayd","bisklit dial tlata trwayd","bshkliT dial tlata trwayd","بشكليط ديال تلاتا تروايد "
"unicycle","pikala dial rwida w7da","bisklit dial rwida w7da","bshkliT dial rwida w7da","بشكليط ديال رويدا وحدة"
"horse_cart","kerrouSa","","","كرّوصا "
"jinrikisha","kerrouSa","","","كرّوصا "
"oxcart","kerrouSa","","","كرّوصا "
"bassinet","namoussia dial drari sghar","","","ناموسّيا ديال دراري صغار "
"cradle","namoussia dial drari sghar","","","ناموسّيا ديال دراري صغار "
"crib","namoussia dial drari sghar","","","ناموسّيا ديال دراري صغار "
"four-poster","namoussia","","","ناموسّيا "
"bookcase","mektaba","","","مكتابة"
"china_cabinet","vitrina","","","ڤيترينا "
"medicine_chest","baliza dial dwa","","","باليزا ديال دوا "
"chiffonier","mario","","","ماريو "
"table_lamp","lamba","","","لامبا "
"file","mario","","","ماريو "
"park_bench","korsi dial jerda","","","كورسي ديال جردا "
"barber_chair","korsi dial l7ella9","korsi dial l7ejjam","","كورسي ديال لحلّاق "
"throne","3arsh","","","عرش"
"folding_chair","korsi","","","كورسي "
"rocking_chair","korsi","","","كورسي "
"studio_couch","fauteuil","","","فوتوي"
"toilet_seat","korsi dial TwaliT","","","كورسي ديال طواليط "
"desk","mekteb","","","مكتب "
"pool_table","tbla dial lbiyyar","","","طبلة ديال لبييّار"
"dining_table","salle a manger","","","صال أ مونجي"
"entertainment_center","markaz attarfih","","","مركز الترفيه"
"wardrobe","mario","","","ماريو "
"Granny_Smith","teffa7a","","","تفّاحة"
"orange","limona","","","ليمونة"
"lemon","7amDa","","","حامضة"
"fig","kermoussa","","","كرموسة"
"pineapple","ananaSa","","","أناناصة"
"banana","banana","","","بانانة"
"jackfruit","kakaya","","","كاكايا "
"custard_apple","teffa7a","","","تفّاحة"
"pomegranate","rommana","","","رمانة"
"acorn","bellouT","","","بلّوط "
"hip","fkheD","","","فخض "
"ear","wden","","","ودن "
"rapeseed","zeri3a","","","زريعا "
"corn","mzgour","","","مزڭور "
"buckeye","bellouT","","","بلّوط "
"organ","orgu","","","أُرڭو "
"upright","piano","","","پيانو "
"chime","jaras","","","جرس"
"drum","Tbl","","","طبل "
"gong","Tbl dial chinwa","","","طبل ديال شينوا "
"maraca","","","maraca","ماراكا "
"marimba","","","marimba","ماريمبا "
"steel_drum","Tbl dial l7did","","","طبل ديال لحديد "
"banjo","","","banjo","بانجو "
"cello","","","cello","تشيلو"
"violin","kamanja","","","كامانجا "
"harp","9ithara","","","قيتارة"
"acoustic_guitar","guitar acoustique","","","ڭيتار أكوستيك"
"electric_guitar","guitar electrique","","","ڭيتار إليكتريك"
"cornet","","","saxophone","ساكسوفون"
"French_horn","","","saxophone","ساكسوفون"
"trombone","","","saxophone","ساكسوفون"
"harmonica","harmonica","","","هارمونيكا "
"ocarina","","","ocarina","أُكارينا "
"panpipe","","","banbi","بانبي "
"bassoon","","","bassoon","باسّون "
"oboe","","","oboe","أُبو "
"sax","","","sax","ساكسوفون"
"flute","nay","","","ناي "
"daisy","","","werda","وردة"
"yellow_lady's_slipper","","","werda","وردة"
"cliff","jerf","","","جرف "
"valley","wad","","","واد "
"alp","jbel","","","جبل "
"volcano","borkan","","","بوركان "
"promontory","","","jerf","جرف "
"sandbar","remla","","","رملة"
"coral_reef","","","sho3ab marjania","شعب مرجانية"
"lakeside","plage dial lbo7ayra","","","پلاج ديال بحيرة"
"seashore","plage","","","پلاج"
"geyser","nafoura","","","نافورا "
"hatchet","fas","","","فاس "
"cleaver","saTor","","","ساطور "
"letter_opener","twichia li kat7el lbrawat","","","تويشيا لي كاتحل لبراوات "
"plane","","","mistara dial lbennay","ميستارا ديال لبنّاي "
"power_drill","chnyor","mit9aba","","شنيور "
"lawn_mower","makina dial lgazon","","","ماكينا ديال لڭازون "
"hammer","mTir9a","","","مطيرقا "
"corkscrew","","","tire-bouchon","تير-بوشون "
"can_opener","","","7ellala","حلّالة"
"plunger","ventouz","","","ڤنتوز "
"screwdriver","tournovis","","","تورنوڤيس "
"shovel","bala","","","بالة"
"plow","m7rat","","","محرات "
"chain_saw","menchar dial DDo","","","منشار ديال الضو "
"cock","ferrouj","","","فرّوج "
"hen","djaja","","","دجاجة"
"ostrich","n3ama","","","نعامة"
"brambling","","","twiyer","طويير"
"goldfinch","","","twiyer","طويير"
"house_finch","","","twiyer","طويير"
"junco","","","twiyer","طويير"
"indigo_bunting","","","twiyer","طويير"
"robin","","","twiyer","طويير"
"bulbul","bulbul","","","بولبول "
"jay","","","twiyer","طويير"
"magpie","","","twiyer","طويير"
"chickadee","","","twiyer","طويير"
"water_ouzel","","","twiyer","طويير"
"kite","","","twiyer","طويير"
"bald_eagle","","","nser","نسر "
"vulture","","","nser","نسر "
"great_grey_owl","mouka","","","موكا "
"black_grouse","","","twiyer","طويير"
"ptarmigan","","","twiyer","طويير"
"ruffed_grouse","","","twiyer","طويير"
"prairie_chicken","","","djaja","دجاجة"
"peacock","Taws","","","طاوس "
"quail","","","twiyer","طويير"
"partridge","","","twiyer","طويير"
"African_grey","","","babbagha2","ببّغاء "
"macaw","","","babbagha2","ببّغاء "
"sulphur-crested_cockatoo","","","twiyer","طويير"
"lorikeet","","","babbagha2","ببّغاء "
"coucal","","","twiyer","طويير"
"bee_eater","","","twiyer","طويير"
"hornbill","","","twiyer","طويير"
"hummingbird","","","twiyer","طويير"
"jacamar","","","twiyer","طويير"
"toucan","","","twiyer","طويير"
"drake","","","beTTa","بطّة"
"red-breasted_merganser","","","beTTa","بطّة"
"goose","","","wezza","وزّة"
"black_swan","","","wezza ke7la","وزّة كحلة"
"white_stork","le9la9 byed","","","لقلاق بيض"
"black_stork","le9la9 k7el","","","لقلاق كحل "
"spoonbill","","","twiyer","طويير"
"flamingo","","","twiyer","طويير"
"American_egret","","","twiyer","طويير"
"little_blue_heron","","","twiyer","طويير"
"bittern","","","twiyer","طويير"
"crane","","","twiyer","طويير"
"limpkin","","","twiyer","طويير"
"American_coot","","","twiyer","طويير"
"bustard","","","twiyer","طويير"
"ruddy_turnstone","","","twiyer","طويير"
"red-backed_sandpiper","","","twiyer","طويير"
"redshank","","","twiyer","طويير"
"dowitcher","","","twiyer","طويير"
"oystercatcher","","","twiyer","طويير"
"European_gallinule","","","twiyer","طويير"
"pelican","","","baja3a","بجعة"
"king_penguin","beTri9","","","بطريق "
"albatross","","","twiyer","طويير"
"great_white_shark","","","9irch 3imla9 byed","قرش عملاق بيض"
"tiger_shark","","","9irch","قرش"
"hammerhead","","","9irch","قرش"
"electric_ray","","","rraya","الرايا "
"stingray","","","rraya","الرايا "
"barracouta","","","7outa","حوتا "
"coho","","","saumon","سومون "
"tench","","","7outa","حوتا "
"goldfish","","","7outa","حوتا "
"eel","","","7ench dial lma","حنش ديال لما "
"rock_beauty","","","7outa","حوتا "
"anemone_fish","","","7outa","حوتا "
"lionfish","","","7outa","حوتا "
"puffer","","","7outa","حوتا "
"sturgeon","","","7outa","حوتا "
"gar","","","7outa","حوتا "
"loggerhead","","","fekron dial lma","فكرون ديال لما "
"leatherback_turtle","","","fekron dial lma","فكرون ديال لما "
"mud_turtle","","","fekroun","فكرون "
"terrapin","","","fekroun","فكرون "
"box_turtle","","","fekroun","فكرون "
"banded_gecko","","","ti9lit","تيقليت "
"common_iguana","","","ti9lit","تيقليت "
"American_chameleon","","","ti9lit","تيقليت "
"whiptail","","","ti9lit","تيقليت "
"agama","","","ti9lit","تيقليت "
"frilled_lizard","","","ti9lit","تيقليت "
"alligator_lizard","","","ti9lit","تيقليت "
"Gila_monster","","","ti9lit","تيقليت "
"green_lizard","","","ti9lit","تيقليت "
"African_chameleon","","","ti9lit","تيقليت "
"Komodo_dragon","","","timsa7","تمساح"
"triceratops","","","DaynaSor","ديناصور"
"African_crocodile","","","timsa7","تمساح"
"American_alligator","","","timsa7","تمساح"
"thunder_snake","","","7ench","حنش "
"ringneck_snake","","","7ench","حنش "
"hognose_snake","","","7ench","حنش "
"green_snake","","","7ench","حنش "
"king_snake","","","7ench","حنش "
"garter_snake","","","7ench","حنش "
"water_snake","","","7ench","حنش "
"vine_snake","","","7ench","حنش "
"night_snake","","","7ench","حنش "
"boa_constrictor","","","7ench","حنش "
"rock_python","","","7ench","حنش "
"Indian_cobra","","","cobra","كوبرا "
"green_mamba","","","7ench","حنش "
"sea_snake","","","7ench","حنش "
"horned_viper","","","lef3a","لفعة"
"diamondback","","","lef3a","لفعة"
"sidewinder","","","lef3a","لفعة"
"European_fire_salamander","","","ti9lit","تيقليت "
"common_newt","","","ti9lit","تيقليت "
"eft","","","ti9lit","تيقليت "
"spotted_salamander","","","ti9lit","تيقليت "
"axolotl","","","axolotl","أكسولوتل"
"bullfrog","","","jrana","جرانا "
"tree_frogdarija","","","jrana","جرانا "
"tailed_frog","tailed_frog (jrana)","","","تايلد_فروڭ (جرانا) "
"whistle","Sffara","","","صفّارا "
"wing","jna7","","","جناح "
"paintbrush","chita t rrasm","","","شيتا ت الراسم "
"hand_blower","sichwar","chichwar","sechoir","سشوار"
"oxygen_mask","mask tl oxygen","","","ماسك تل أُكسيجين"
"snorkel","onboub t ttanffous","","","أُنبوب ت التنفّس"
"loudspeaker","Baaf","baf","","باف "
"microphone","mikro","micro","","ميكرو "
"screen","chaacha","chacha","","شاشة"
"mouse","fara","far","","فارة"
"electric_fan","frfara t DDo","","","فرفارة ت الضو"
"oil_filter","filtr t zzit","filter t zzit","","فيلتر ت الزيت "
"strainer","Sffaya","Seffaya","","صفّايا "
"space_heater","chofaj","","","شوفاج "
"stove","boTa","bouTa","","بوطا "
"guillotine","mi9Sala","","","مقصلة"
"barometer","baromitr","barometre","","باروميتر "
"rule","misTara","","","ميسطارة"
"odometer","kountour t ssor3a","kontour","","كونتور ت السورعة"
"scale","mizan","","","ميزان "
"analog_clock","magana","","","ماڭانة"
"digital_clock","magana r9mia","","","ماڭانة رقمية"
"wall_clock","magana t l7iT","","","ماڭانة ت لحيط"
"hourglass","magana t rrmla","","","ماڭانة ت الرملة"
"sundial","magana t chmch","","","ماڭانة ت شمش"
"parking_meter","makina t lparking","","","ماكينة ت لپاركينڭ"
"stopwatch","krono","","","كرونو "
"digital_watch","sa3a r9mia","","","ساعة رقمية"
"stethoscope","smma3a t Tbib","","","سمّاعة ت طبيب"
"syringe","nfta7a","nefta7a","","نفتاحة"
"magnetic_compass","bawSala","bouSala","","باوصالا"
"binoculars","minDaar","","","مينضار "
"projector","projiktour","","","پروجيكتور "
"sunglasses","nDaDr t chmch","","","نضاضر ت شمش "
"loupe","mokbbira","","","مكبّيرة"
"radio_telescope","telescop radio","","","تلسكوپ راديو "
"bow","9aws","","","قوس"
"cannon","mdfe3","medfe3","madfa3","مدفع"
"assault_rifle","mk7la","","","مكحلة"
"rifle","mk7la","","","مكحلة"
"projectile","9adyfa","9adifa","","قديفة"
"computer_keyboard","klavi t pc","","","كلاڤي ت پيسي"
"typewriter_keyboard","2ala kaatiba","","","ألة كاتبة"
"crane","grouwa","grwa","grwwa","ڭروّة"
"lighter","brika","","","بريكة"
"abacus","mi3daad","","","معداد"
"cash_machine","giche","guiche","gichi","ڭيشي "
"slide_rule","misTara tatzll9","","","ميسطارا تاتزلّق "
"desktop_computer","pc fix","","","پيسي فيكس"
"hand-held_computer","makina t lidd","","","ماكينا ت ليدّ "
"notebook","dftar","deftar","daftar","دفتر"
"web_site","maw9i3 electroni","","","موقع إلكتروني"
"harvester","makina t l7Sad","","","ماكينا ت لحصاد "
"thresher","makina t ddras","","","ماكينا ت الدراس "
"printer","imprimante","","","إمپريمانت "
"slot","makina t l9mr","","","ماكينا ت لقمر "
"vending_machine","makina t lbi3","","","ماكينا ت لبيع "
"sewing_machine","makina t lkhyaTa","","","ماكينا ت لخياطا "
"joystick","3Sa t ta7kkom","","","عصا ت تحكّم"
"switch","sarout t DDo","","","ساروت ت الضو "
"hook","Snnara","","","صنّارة"
"car_wheel","rwiDa t Tomobil","","","رويضا ت طوموبيل "
"paddlewheel","naa3ora","","","ناعورة"
"pinwheel","frfara","","","فرفارة"
"potter_s_wheel","rwiDa t lf55ar","","","رويضا ت لفخّار "
"gas_pump","bomba t liSanS","","","بومبا ت ليصانص "
"carousel","l3ba t ddowwara","","","لعبة ت الدوّارة"
"swing","z3loula","","","زعلولة"
"reel","bkkara","","","بكّارة"
"radiator","mobrrid","","","مبرّد"
"puck","9orS","","","قرص"
"hard_disc","disk dur","","","ديسك دير"
"sunglass","nDDara t chmch","","","نضّارة ت شمش"
"pick","fas","","","فاس "
"car_mirror","mraya t ttomobil","","","مرايا ت الطوموبيل"
"solar_dish","Sa7n t chmch","","","صحن ت شمش"
"remote_control","tilikomond","","","تيليكوموند "
"disk_brake","ddisk t lfran","","","الديسك ت لفران "
"buckle","bzim t smTa","","","بزيم ت سمطة"
"hair_slide","m9bT t ch3er","","","مقبط ت شعر "
"knot","3ogda","3gda","3o9da","عقدة"
"combination_lock","9fel r9mi","","","قفل رقمي "
"padlock","9fel","","","قفل "
"nail","msmar","","","مسمار "
"safety_pin","filil","filoul","","فيليل "
"screw","vis","vys","","ڤيس "
"muzzle","kmmama","","","كمّامة"
"seat_belt","SmTa t lkorsi","","","صمطة ت لكورسي"
"ski","ski","","","سكي "
"candle","chm3a","chem3a","cham3a","شمعة"
"jack-o-lantern","gr3a t halloween","","","ڭرعا ت هالّووين "
"spotlight","tSlit DDaw2","","","تسليط الضوء"
"torch","ppil","","","الپيل "
"neck_brace","da3ama tl 3ong","","","دعامة تل عنڭ"
"pier","Tri9 f lb7r","","","طريق ف لبحر "
"tripod","tolaati l9awa2im","","","تلاتي القوائم"
"maypole","3amoud t chTi7","","","عمود ت شطيح"
"mousetrap","mSyda t lfiran","","","مصيدا ت لفيران "
"spider_web","chbka t l3ankabout","","","شبكا ت لعنكبوت"
"trilobite","tolaatiat l foSouS","","","تلاتية الفصوص"
"harvestman","harvestman (3ankabout)","","","هارڤستمان (عنكبوت)"
"scorpion","3grba","","","عڭربة"
"black_and_gold_garden_spider","black_and_gold_garden_spider (3ankabout)","","","بلاكك_اند_ڭولد_ڭاردن_سپيدر (عنكبوت)"
"barn_spider","barn_spider (3ankabout)","","","بارن_سپيدر (عنكبوت)"
"garden_spider","garden_spider (3ankabout)","","","ڭاردن_سپيدر (عنكبوت)"
"black_widow","black_widow (3ankabout)","","","بلاكك_ويدوو (عنكبوت)"
"tarantula","rtila","","","رتيلة"
"wolf_spider","wolf_spider (3ankabout)","","","وولف_سپيدر (عنكبوت)"
"tick","grad","","","ڭراد "
"centipede","omm l2arba3a w l2arba3in","","","أُمّ لأرباعا و لأرباعين "
"isopod","motasawi l arjoul (7achara)","","","متساوي ل أرجل (حشرة)"
"Dungeness_crab","boujniba Dungeness","","boujniba","بوجنيبة"
"rock_crab","boujniba t SSkhra","","boujniba","بوجنيبة"
"fiddler_crab","boujniba lkwamanji","","boujniba","بوجنيبة"
"king_crab","boujniba lmalik","","boujniba","بوجنيبة"
"American_lobster","karkand 2amriki","","","كاركاند أمريكي "
"spiny_lobster","karkand chaouki","","","كاركاند شوكي"
"crayfish","jaraad lba7r","","","جراد لبحر"
"hermit_crab","boujniba lf9i8","","boujniba","بوجنيبة"
"tiger_beetle","khnfousa t nnmer","","khnfousa","خنفوسة"
"ladybug","d3sou9a","","","دعسوقة"
"ground_beetle","khnfousa t larD","","khnfousa","خنفوسة"
"long-horned_beetle","khnfousa b gron Twaal","","khnfousa","خنفوسة"
"leaf_beetle","khnfousa t loura9","","khnfousa","خنفوسة"
"dung_beetle","khnfousa t louskh","","khnfousa","خنفوسة"
"rhinoceros_beetle","khnfousa wa7id l9arn","","khnfousa","خنفوسة"
"weevil","sousa","","","سوسة"
"fly","dbbana","","","دبّانة"
"bee","n7la","","","نحلة"
"grasshopper","jraad","","","جراد"
"cricket","7achara tl cricket","","","حشرة تل كريكت"
"walking_stick","7achara tl3Sa lghadia","","walking_stick (7achara)","والكينڭ_ستيك (حشرة)"
"cockroach","srra9 zzit","","","سرّاق الزيت "
"mantis","balhaj (7achara)","faras nnabi","","بالحاج (حشرة)"
"cicada","zziz (7achara)","","","الزيز (حشرة)"
"leafhopper","leafhopper (7achara)","","","لفهوپّر (حشرة)"
"lacewing","lacewing (7achara)","","","لاسوينڭ (حشرة)"
"dragonfly","ya3soub (7achara)","","","يعسوب (حشرة)"
"damselfly","ddbbana l3zba","","damselfly (dbbana)","دامسفلاي (دبّانة)"
"admiral","faracha amiral","","admiral (faracha)","أدميرال (فراشة)"
"ringlet","faracha t zzghb","","ringlet (faracha)","رينڭلت (فراشة)"
"monarch","faracha 7aakima","","monarch (faracha)","مونارك (فراشة)"
"cabbage_butterfly","faracha t lkarnab","","cabbage_butterfly (faracha)","فراشة"
"sulphur_butterfly","faracha t lkbrit","","sulphur_butterfly (faracha)","فراشة"
"lycaenid","lycaenid (faracha)","","","فراشة"
"jellyfish","9ndil lba7r","","","قنديل لبحر"
"sea_anemone","bll3man tl b7er","","","بلّعمان تل بحر "
"brain_coral","brain_coral (7ayawan b7ri)","","","براين_كورال (حيوان بحري)"
"flatworm","douda msTT7a (7achara)","","flatworm (douda)","فلاتوورم (دودة)"
"nematode","douda tl khiT (douda)","","nematode (douda)","نماتود (دودة)"
"conch","bouzzroug","","","بوزّروڭ "
"snail","berbbouch","","","بربّوش "
"slug","slug (7achara)","","","سلوڭ (حشرة)"
"sea_slug","sea_slug (7achara b7ria)","","","حشرة بحرية"
"chiton","chiton (rkhwiat)","","","شيتون (رخويات) "
"sea_urchin","gnfoud t lma","","","ڭنفود ت لما "
"sea_cucumber","khyar t lma","","","خيار ت لما "
"iron","mSlou7","","","مصلوح "
"espresso_maker","makina tl98wa","","","ماكينا تلقهوة"
"microwave","micro onde","","","ميكرو أُند "
"Dutch_oven","frran holandi","","","فرّان هولاندي "
"rotisserie","chwwaya","","","شوّاية"
"toaster","toasteur","","","توستور"
"waffle_iron","gaufrier","","","ڭوفريي"
"vacuum","laspirateur","","","لاسپيراتور "
"dishwasher","makina t lmma3en","","","ماكينا ت لمّاعن "
"refrigerator","tllaja","","","تلّاجة"
"washer","makina t ssabon","","","ماكينا ت الصابون"
"Crock_Pot","kokout","","","كوكوت "
"frying_pan","m9la","","","مقلة"
"wok","wok (m9la)","","","ووك (مقلة)"
"caldron","gdra","","","ڭدرة"
"coffeepot","bri9","","","بريق "
"teapot","brrad","","","برّاد "
"spatula","spatule","","","سپاتول "
"altar","Tbla tl kanisa","","","طبلا تل كنيسة"
"triumphal_arch","9aws nnaSr","","","قوس النصر"
"patio","9a3ddar","","","قاع دّار"
"steel_arch_bridge","jisr l9awS SSolb","","","جسر القوس الصلب"
"suspension_bridge","ljisr lmo3alla9","","","لجسر لمعلّق"
"viaduct","gnTra","","","ڭنطرة"
"barn","zriba","","","زريبة"
"greenhouse","machtal","","","مشتل"
"palace","9Sar","","","قصر"
"monastery","daar 3ibada","","","دار عبادة"
"library","mktaba","","","مكتبة"
"apiary","khalyya t nn7el","","","خليّة ت النحل"
"boathouse","dar 3la lma","","","دار علا لما "
"church","kanisa","","","كنيسة"
"mosque","jam3","","","جامع "
"stupa","stupa (binaya boudia)","","","ستوپا (بناية بودية)"
"planetarium","9bba samawia","","","قبّة سماوية"
"restaurant","risTora","","","ريسطورة"
"cinema","cinema","","","سينما "
"home_theater","msra7 t ddar","","","مسرح ت الدار"
"lumbermill","mnchara tlkhcheb","","","منشرة تلخشب"
"coil","mlfouf","","","ملفوف "
"obelisk","timtal 3amoudi","","","تمتال عمودي"
"totem_pole","3amoud ramzi","","","عمود رمزي"
"castle","9l3a","","","قلعة"
"prison","7ebs","","","حبس "
"grocery_store","7anout","","","حانوت "
"bakery","mkhbaza","","","مخبازة"
"barbershop","7lla9","","","حلّاق "
"bookshop","mktaba","","","مكتابة"
"butcher_shop","gzzar","","","ڭزّار "
"confectionery","7alawiat","","","حلويات"
"shoe_shop","ma7all t SSbabT","","","محالّ ت الصبابط"
"tobacco_shop","saka","","","ساكة"
"toyshop","ma7all t lou3ab","","","محالّ ت لعاب"
"fountain","nafoura","","","نافورة"
"cliff_dwelling","sokna f jarf","","","سكنة ف جرف"
"yurt","yurt (khayma aasyawia)","","","خيمة أسيوية"
"dock","parking t lbaTowat","","","پاركينڭ ت لباطووات "
"brass","n7as","","","نحاس "
"megalith","megalith (Skhra kbira)","","","مڭاليت (صخرة كبيرة)"
"bannister","drbouz","","","دربوز "
"breakwater","baryir t lmmaj","","","باريير ت لمّاج "
"dam","baraj","","","باراج "
"chainlink_fence","syaj","","","سياج "
"picket_fence","syaj t lkhcheb","","","سياج ت لخشب "
"worm_fence","syaj ddouda","","","سياج الدودة"
"stone_wall","7iT t l7jer","","","حيط ت لحجر "
"grille","chbka","","","شبكة"
"sliding_door","bab kaytjerr","","","باب كايتجرّ "
"turnstile","bab kaydour","","","باب كايدور "
"mountain_tent","khyma t jjbel","","","خيمة ت الجبل"
"scoreboard","Tablot nnatija","","","طابلو ت النتيجة"
"honeycomb","khalia t nn7el","","","خالية ت النحل"
"plate_rack","chbka t lmma3en","","","شبكة ت لمّاعن"
"pedestal","9a3ida t ttimtal","","","قاعدة ت التمتال"
"beacon","manaara","","","منارة"
"mashed_potato","bTaTa mbjougha","","","بطاطا مبجوغا "
"bell_pepper","flfla 7lowwa","","","فلفلة حلوّة"
"head_cabbage","rass lmkowwer","","","راسّ لمكووّر "
"broccoli","brokoli","","","بروكولي "
"cauliflower","chiflour","","","شيفلور "
"zucchini","kourjit","","","كورجيت "
"spaghetti_squash","gr3a m3mmra b spaghetti","","","ڭرعا معمّرا ب سپاغتّي "
"acorn_squash","gr3a m3mmra b lblloT","","","ڭرعا معمّرا ب لبلّوط "
"butternut_squash","gr3a m3mmra","","","ڭرعا معمّرة"
"cucumber","khyar","","","خيار "
"artichoke","9ou9","","","قوق "
"cardoon","kherchouf","","","خرشوف "
"mushroom","champinion","champignon","","شامپينيون "
"shower_curtain","rido t l7mmam","","","ريدو ت لحمّام "
"jean","djin","","","دجين "
"carton","karton","","","كارتون "
"handkerchief","mouchoir","mouchwar","","موشوار"
"sandal","sndara","sndala","","سندارة"
"ashcan","slla t zzbl","","","سلّة ت الزبل"
"safe","kofr for","coffre fort","","كوفر فور "
"plate","TbSil","","","طبصيل "
"necklace","snsla t l3ong","","","سنسلة ت لعونڭ"
"croquet_ball","kora t croquet","","","كورة ت كروكيه"
"fur_coat","kbboT t lfarw","","","كبّوط ت الفرو"
"thimble","7dida t lkhyyaT","","","حديدة ت لخيّاط"
"pajama","pyjama","","","پيجامة"
"running_shoe","sbrdila t jjra","","","سبرديلة ت الجرا"
"cocktail_shaker","khllaaT l cocktail","","","خلّاط ل كوكتايل"
"chest","Snidi9a","","","صنيديقا "
"manhole_cover","ghTa t SSrb","","","غطا ت الصرب "
"modem","modem","","","مودم "
"tub","banio","","","بانيو "
"tray","plaTo","","","پلاطو "
"balance_beam","3Sa t ttawazon","","","عصا ت التوازن"
"bagel","benye","beignet","","بينيي"
"prayer_rug","zrbia t SSla","","","زربية ت الصلا"
"kimono","kimono (lbsa t japon)","","","كيمونو (لبسا ت جاپون) "
"hot_pot","Taba9 skhoun","","","طبق سخون"
"whiskey_jug","bri9 t lwiski","","","بريق ت لويسكي "
"knee_pad","banDa t rrokba","","","بانضا ت الروكبا "
"book_jacket","ghlaf t lktab","","","غلاف ت لكتاب "
"spindle","mghzl","","","مغزل "
"ski_mask","mask t ski","","","ماسك ت سكي "
"beer_bottle","9r3a t lbirra","","","قرعا ت لبيرّا "
"crash_helmet","kask","","","كاسك "
"bottlecap","ghla9a","","","غلاقا "
"tile_roof","9rmoud","","","قرمود "
"mask","mask","","","ماسك "
"maillot","mayyo","","","مايّو "
"Petri_dish","bwaTa t lbacteria","","","بواطا ت لباكتريا "
"football_helmet","kask t rrigbi","","","كاسك ت الريڭبي "
"bathing_cap","Boni t l7mmam","bonnet t l7mmam","","بوني ت لحمّام "
"teddy","nounnous","","","نونّوس "
"holster","jwa t lfrdi","","","جوا ت لفردي "
"pop_bottle","9r3a t lmonaDa","","","قرعا ت لموناضا "
"photocopier","fotokopi","","","فوتوكوپي "
"vestment","lbsa","","","لبسة"
"crossword_puzzle","kalimat mota9aTi3a","","","كلمات متقاطعة"
"golf_ball","kora t lgolf","","","كورة ت لڭولف"
"trifle","7liwa","","","حليوة"
"suit","koustim","","","كوستيم "
"water_tower","chaTo t lma","","","شاطو ت لما "
"feather_boa","chal t rrich","","","شال ت الريش "
"cloak","sl8am","","","سلهام "
"red_wine","chrab","","","شراب "
"drumstick","3Sa t TTbal","","","عصا ت الطبل"
"shield","dir3","","","درع"
"Christmas_stocking","t9chira t noel","","","تقشيرة ت نويل"
"hoopskirt","kswa","","","كسوة"
"menu","menu","","","موني"
"stage","minSSa","","","منصّة"
"bonnet","Boni","bonnet","","بوني "
"meat_loaf","Trf t ll7em","","","طرف ت اللحم "
"baseball","bizbol","baseball","","بيزبول "
"face_powder","poudr tlouje8","","","پودر تلوجه "
"scabbard","ghTa t lmous","","","غطا ت لموس "
"sunscreen","krem t chmch","","","كريم ت شمش"
"beer_glass","kas t chrab","","","كاس ت شراب "
"hen-of-the-woods","champinion","champignon","","شامپينيون "
"guacamole","guacamole (puree)","","","ڭواكامول (پوري) "
"lampshade","abajour","abat jour","","أباجور "
"wool","Sofa","","","صوفة"
"hay","ttben","","","التبن "
"bow_tie","papion","papillon","","پاپيون "
"mailbag","sak t lfakteur","","","ساك ت لفاكتور "
"water_jug","bri9 t lma","","","بريق ت لما "
"bucket","sTal","","","سطل"
"dishrag","khr9a t lmma3en","","","خرقة ت لمّاعن"
"soup_bowl","zlafa","","","زلافة"
"eggnog","chrab t lbiD","","","شراب ت لبيض "
"mortar","m8raz","","","مهراز "
"trench_coat","monTo","","","مونطو "
"paddle","mijdaaf","","","مجداف"
"chain","snsla","","","سنسلة"
"swab","jffafa","","","جفّافة"
"mixing_bowl","zlafa t tkhlaT","","","زلافة ت تخلاط"
"potpie","kika","","","كيكة"
"wine_bottle","9r3a t chrab","","","قرعا ت شراب "
"shoji","shoji (7aajiz t japon)","","","حاجز ت جاپون"
"bulletproof_vest","jakiTa moDaDDa l 9rTaS","","","جاكيطة مضادّة ل قرطاص"
"drilling_platform","minSSa t l7afr","","","منصّة ت لحفر"
"binder","classeur","","","كلاسّور "
"cardigan","cardigan (jakiTa)","","","كارديڭان (جاكيطا) "
"sweatshirt","trikko","","","تريكّو "
"pot","m7ba9","","","محبق"
"birdhouse","dar t Twiyyer","","","دار ت طوييّر "
"hamper","sella","","","سلّة"
"ping-pong_ball","kora t ping-pong","","","كورا ت پينڭ-پونڭ "
"pencil_box","3olba t l2a9lam","","","علبة ت لأقلام"
"pay-phone","8atif 3omoumi","","","هاتف عمومي"
"consomme","consomme (chourba)","","","شوربة"
"apron","Tablia","","","طابلية"
"punching_bag","kys t lmolaakama","","","كيس ت لملاكمة"
"backpack","chkara","","","شكارة"
"groom","3ris","","","عريس "
"bearskin","bearskin (Trbouch t ngliz)","","","طربوش ت نڭليز"
"pencil_sharpener","minjara","","","منجرة"
"broom","chTTaba","","","شطّابة"
"mosquito_net","chbka t ddebban","","","شبكا ت الدبّان "
"abaya","3abaya","","","عباية"
"mortarboard","Trbouch t ttakharroj","","","طربوش ت التخرّج"
"poncho","poncho (kbboT)","","","پونشو (كبّوط) "
"crutch","3okkaz","","","عكّاز"
"Polaroid_camera","camera","","","كاميرة"
"space_bar","espace","","","إسپاس "
"cup","kas","","","كاس "
"racket","rakiTa","","","راكيطة"
"traffic_light","DDo l7mr","","","الضو لحمر "
"quill","richa","","","ريشة"
"radio","radio","","","راديو "
"dough","3jina","","","عجينة"
"cuirass","dir3","","","درع"
"military_uniform","lbsa t l3sker","","","لبسة ت لعسكر"
"lipstick","3kr","","","عكر "
"shower_cap","Trbouch t l7mmam","","","طربوش ت لحمّام "
"monitor","ecran","","","شاشة"
"oscilloscope","raasm ddabdabaat","","","راسم الدبدبات"
"mitten","liga","","","ليڭة"
"brassiere","soutyamat","","","سوتيامات "
"French_loaf","palizyan","","","پاليزيان "
"vase","vaz","","","ڤاز "
"milk_can","bakia t l7lib","","","باكية ت لحليب"
"rugby_ball","kora t rrigbi","","","كورا ت الريڭبي "
"paper_towel","minchafa t lwra9","","","مينشافة ت لوراق"
"earthstar","champinion","champignon","","شامپينيون "
"envelope","jwa t lbra","","","جوا ت لبرا "
"miniskirt","Saya 9Sira","","","صايا قصيرة"
"cowboy_hat","Trbouch t lkoboy","","","طربوش ت لكوبوي "
"trolleybus","Tobis","","","طوبيس "
"perfume","rri7a","","","الريحة"
"bathtub","banio t l7mmam","","","بانيو ت لحمّام "
"hotdog","8otdog","","","هوتدوڭ "
"coral_fungus","champinion","champignon","","شامپينيون "
"bullet_train","tran sari3","TGV","","تران سريع"
"pillow","mkhdda","","","مخدّة"
"toilet_tissue","papijinik","","","پاپيجينيك "
"cassette","mosjjala","","","مسجّلة"
"carpenters kit","materiel t nnjjar","","","ماتريل ت النجّار "
"ladle","mghorfa","","","مغرفة"
"stinkhorn","champinion","champignon","","شامپينيون "
"lotion","crem t jeld","","","كريم ت جلد"
"hair_spray","rchchacha t ch3er","","","رشّاشة ت شعر"
"academic_gown","lbsa t ttakharroj","","","لبسة ت التخرّج"
"dome","9obba","","","قبّة"
"crate","Sndou9","","","صندوق "
"wig","peruk","","","پروك "
"burrito","burrito (sandwich)","","","بورّيتو (ساندويش) "
"pill_bottle","9r3a t ddwa","","","قرعة ت الدوا"
"chain_mail","chain_mail (chbka t l7arb)","","","شبكة ت الحرب"
"theater_curtain","sitaar","","","ستار"
"window_shade","khamia t chrjm","","","خامية ت شرجم"
"barrel","brmil","","","برميل "
"washbasin","lavabo","","","لاڤابو "
"ballpoint","stylo","","","ستيلو "
"basketball","kora t lbaskit","","","كورة ت لباسكيت"
"bath_towel","foTa","","","فوطة"
"cowboy_boot","SbbaT t lcowboy","","","صبّاط ت لكووبوي "
"gown","keswa","","","كسوة"
"window_screen","chbka t nnamous","","","شبكة ت الناموس"
"agaric","champinion","champignon","","شامپينيون "
"cellular_telephone","portabl","","","پورتابل "
"nipple","rDDa3a","","","رضّاعة"
"barbell","barra t l7did","","","بارّا ت لحديد "
"mailbox","Sndou9 lbarid","","","صندوق لبريد"
"lab_coat","Tablia t lmokhtabar","","","طابلية ت لمختبر"
"fire_screen","waa9i Dedd l3afia","","","واقي ضدّ لعافيا "
"minibus","minibus","","","ميني بيس"
"packet","bakyya","","","باكيّة"
"maze","mataa8a","","","متاهة"
"pole","3amoud","","","عمود"
"horizontal_bar","barra ofo9yya","","","بارّة أُفقيّة"
"sombrero","sombrero (Trbouch tl mexique)","","","طربوش ت المكسيك"
"pickelhaube","pickelhaube (kask t lalman)","","","كاسك ت لالمان"
"rain_barrel","brmil t chchta","","","برميل ت الشتا "
"wallet","bsTam","","","بسطام "
"cassette_player","mosjjala","","","موسجّالة"
"comic_book","ktab t rrosoum","","","كتاب ت الروسوم "
"piggy_bank","gdira t lflous","","","ڭديرة ت لفلوس"
"street_sign","blaka","","","بلاكة"
"bell_cote","borj ljaras","","","برج لجرس"
"fountain_pen","stylo","","","ستيلو "
"Windsor_tie","3ogda t lgrafaTa","","","عڭدة ت لڭرافاطة"
"volleyball","kora tl volley","","","كورة تل ڤولّي"
"overskirt","keswa","","","كسوة"
"sarong","keswa aasyawia","","","كسوة اسيوية"
"purse","sac","","","صاك"
"bolo_tie","grafaTa t bolo","","","ڭرافاطا ت بولو "
"bib","ryyaga","","","ريّاڭة"
"parachute","parachute","","","پاراشوت "
"sleeping_bag","chakouch t nn3as","","","شاكوش ت النعاس "
"television","tlfaza","","","تلفازة"
"swimming_trunks","chort tl 3ouman","","","شورت تل عومان "
"measuring_cup","kas tl 9iyaas","","","كاس تل قياس"
"espresso","espresso (98wa)","","","إسپرسّو (قهوة)"
"pizza","pizza","","","بيتزا"
"breastplate","dir3","","","درع"
"shopping_basket","slla tl m9odia","","","سلّة تل مقدية"
"wooden_spoon","mghorfa","","","مغرفة"
"saltshaker","9r3a tl mel7a","","","قرعة تل ملحة"
"chocolate_sauce","choklaT mdowweb","","","شكلاط مدوّب"
"ballplayer","l33ab tl kora","","","لعّاب تل كورة"
"goblet","kas","","","كاس "
"gyromitra","champinion","champignon","","شامپينيون "
"stretcher","bayaS tl marDa","","","باياص تل مرضا"
"water_bottle","9r3a t lma","","","قرعة ت لما"
"dial_telephone","tilifon fix","","","تيليفون فيكس"
"soap_dispenser","9ri3a t SSaboun","","","قريعة ت الصابون"
"jersey","jersey (trikko)","","","جرسي (تريكّو) "
"school_bus","na9l madrassi","","","نقل مدرسي"
"jigsaw_puzzle","puzzle","","","پوزّل "
"plastic_bag","mika","","","ميكة"
"reflex_camera","camera","","","كاميرة"
"diaper","likouch","","","ليكوش "
"Band_Aid","faSma","","","فاصما "
"ice_lolly","ppolo","","","پولو"
"velvet","toub mobbra","","","توب موبّرا "
"tennis_ball","tinisa","","","تينيسة"
"gasmask","mask tl gaz","","","ماسك تل ڭاز "
"doormat","tapia tl bab","","","تاپية تل باب"
"Loafer","SbbaT","","","صبّاط "
"ice_cream","laglaS","","","لاڭلاص "
"pretzel","pretzel (7lwa)","","","پرتزل (حلوة)"
"quilt","ghTa","","","غطا "
"maillot","mayyo","","","مايّو "
"tape_player","mosjjala","","","موسجّلة"
"clog","Sabo","","","صابو "
"iPod","iPod","","","آي پود"
"bolete","champinion","champignon","","شامپينيون "
"scuba_diver","ghwwaS","","","غوّاص "
"pitcher","bri9","","","بريق "
"matchstick","lou9id","","","لوقيد "
"bikini","bikini","","","بيكيني "
"sock","t9achr","","","تقاشر "
"CD_player","lecteur CD","","","ليكتور سيدي"
"lens_cap","ghTa tl 3adasa","","","غطا تل عدسة"
"thatch","s9f t jjrid","","","سقف ت الجريد "
"vault","vault (s9f tl 9was)","","","ڤولت (سقف تل قواس) "
"beaker","kas tl 9iyas","","","كاس تل قياس"
"bubble","rghwa","","","رغوة"
"cheeseburger","cheeseburger","","","تشيز برڭر"
"parallel_bars","barrat tl gymnastic","","","بارّات تل جيمناستيك"
"flagpole","barra t rraya","","","بارّا ت الراية"
"coffee_mug","kas tl 98wa","","","كاس تل قهوة"
"rubber_eraser","gouma","","","ڭوما "
"stole","chal","","","شال "
"carbonara","carbonara (sauce)","","","كاربونارا (صوص)"
"dumbbell","alter","haltere","","ألطير"
